Region,Month,Workflow,Original Footprint (gCO2e),Makespan (s),Reduction 6h (%),Overhead,Reduction 12h (%),Overhead,Reduction 24h (%),Overhead,Reduction 48h (%),Overhead,Reduction 96h (%),Overhead
gb,jan,chipseq,4763.62,13324,2.17,1412.47,20.47,0.00,26.20,1412.47,26.20,1412.47,26.20,1412.47
gb,jan,mag,6738.38,45476,13.80,3276.50,17.20,0.00,23.60,1183.50,23.60,1183.50,23.60,3276.50
gb,jan,montage,184.17,1900,4.50,0.00,16.40,0.00,29.20,0.00,29.20,0.00,29.20,0.00
gb,jan,nanoseq,72.26,20032,0.90,1042.14,22.00,0.00,25.30,1591.29,25.30,1591.29,25.30,1042.14
gb,jan,rangeland,2311.27,24799,4.57,221.33,23.57,0.00,25.87,556.63,25.87,556.63,25.87,221.33
gb,jan,rnaseq,3030.29,11011,2.80,2693.34,19.33,0.00,26.50,2693.34,26.73,2693.34,26.73,2693.34
gb,jan,sarek,8597.80,18265,0.20,2778.42,21.57,0.00,24.97,4790.54,24.97,4790.54,24.97,2778.42
gb,feb,chipseq,2787.75,13324,18.03,0.00,27.27,792.14,42.90,0.00,42.90,0.00,42.90,0.00
gb,feb,mag,4331.64,45476,30.37,3445.50,33.17,3574.76,33.17,3574.76,33.70,3580.99,42.67,3445.50
gb,feb,montage,136.51,1900,33.47,0.00,33.47,0.00,52.87,0.00,52.87,0.00,52.87,0.00
gb,feb,nanoseq,38.77,20032,5.17,0.00,27.13,973.06,35.60,0.00,35.60,0.00,35.67,0.00
gb,feb,rangeland,1263.40,24799,0.50,272.81,30.60,421.33,34.40,0.00,34.40,0.00,37.00,272.81
gb,feb,rnaseq,1863.36,11011,22.47,0.00,27.93,1624.34,46.13,0.00,46.13,0.00,46.13,0.00
gb,feb,sarek,4629.64,18265,5.40,0.00,27.10,1277.41,35.83,0.00,35.83,0.00,36.07,0.00
gb,mar,chipseq,4408.10,13324,0.00,0.00,1.67,792.14,40.13,0.00,70.07,0.00,81.10,0.00
gb,mar,mag,7237.69,45476,13.63,3586.76,16.40,3328.52,32.23,2058.75,68.33,3457.50,79.23,3586.76
gb,mar,montage,166.51,1900,83.63,0.00,83.63,0.00,83.63,0.00,83.63,0.00,83.63,0.00
gb,mar,nanoseq,69.53,20032,0.00,0.00,7.07,973.06,36.67,0.00,68.10,0.00,80.77,0.00
gb,mar,rangeland,2255.46,24799,0.00,0.00,10.67,421.33,31.17,0.33,67.43,0.33,80.57,0.00
gb,mar,rnaseq,2770.49,11011,0.00,0.00,0.40,1624.34,34.30,0.00,72.60,0.00,81.83,0.00
gb,mar,sarek,8281.47,18265,0.00,0.00,6.63,1277.41,35.80,0.00,69.00,0.00,80.83,0.00
gb,apr,chipseq,2364.03,13324,18.90,0.00,27.73,792.14,71.83,0.00,77.37,0.00,79.03,0.00
gb,apr,mag,4000.37,45476,40.53,3586.76,57.13,1842.88,76.13,0.00,80.43,1183.50,82.90,3586.76
gb,apr,montage,32.01,1900,32.43,0.00,32.43,0.00,32.43,0.00,38.80,0.00,50.27,0.00
gb,apr,nanoseq,33.13,20032,6.57,0.00,32.13,973.06,72.10,0.00,75.87,686.13,77.77,0.00
gb,apr,rangeland,1032.90,24799,0.57,0.00,33.93,421.33,71.90,0.00,75.33,585.63,78.43,0.00
gb,apr,rnaseq,1560.94,11011,22.23,0.00,27.10,1624.34,71.70,0.00,78.40,0.00,79.90,0.00
gb,apr,sarek,3984.46,18265,8.33,0.00,32.70,1277.41,72.27,0.00,76.10,3528.77,77.60,0.00
gb,may,chipseq,2118.62,13324,29.50,0.00,29.50,0.00,39.93,0.00,39.93,0.00,39.93,0.00
gb,may,mag,2887.48,45476,19.23,1183.50,27.97,3457.50,27.97,3457.50,27.97,3457.50,27.97,1183.50
gb,may,montage,103.92,1900,20.97,0.00,20.97,0.00,20.97,0.00,20.97,0.00,20.97,0.00
gb,may,nanoseq,28.85,20032,17.07,0.00,19.67,686.13,29.50,973.06,29.50,973.06,29.50,0.00
gb,may,rangeland,874.39,24799,5.97,0.00,18.87,323.05,24.03,421.33,24.03,421.33,24.03,0.00
gb,may,rnaseq,1404.97,11011,32.83,0.00,32.83,0.00,42.60,0.00,42.60,0.00,42.60,0.00
gb,may,sarek,3478.19,18265,19.07,0.00,19.07,3528.77,31.00,1271.42,31.00,1271.42,31.00,0.00
gb,jun,chipseq,1114.20,13324,43.13,0.00,43.13,0.00,43.13,0.00,43.13,0.00,43.13,0.00
gb,jun,mag,1708.94,45476,6.97,300.76,9.90,1534.99,9.97,1534.99,9.97,1534.99,32.60,300.76
gb,jun,montage,63.42,1900,2.30,0.00,2.30,0.00,2.30,0.00,2.30,0.00,48.17,0.00
gb,jun,nanoseq,14.28,20032,28.07,0.00,28.07,0.00,28.07,0.00,28.07,0.00,28.07,0.00
gb,jun,rangeland,422.82,24799,17.80,0.00,17.80,0.00,17.80,0.00,17.80,0.00,18.10,0.00
gb,jun,rnaseq,770.94,11011,47.93,0.00,47.93,0.00,47.93,0.00,47.93,0.00,47.93,0.00
gb,jun,sarek,1739.01,18265,29.97,0.00,29.97,0.00,29.97,0.00,29.97,0.00,29.97,0.00
gb,jul,chipseq,3045.08,13324,4.60,0.00,8.70,1412.47,57.83,0.00,61.43,1412.47,72.57,0.00
gb,jul,mag,5094.79,45476,30.97,1183.50,52.83,3276.50,60.47,951.50,70.37,8643.29,70.37,1183.50
gb,jul,montage,62.57,1900,3.03,0.00,3.03,0.00,21.57,0.00,47.30,0.00,47.30,0.00
gb,jul,nanoseq,45.33,20032,1.50,0.00,21.00,1042.14,56.50,0.00,64.97,1042.14,69.63,0.00
gb,jul,rangeland,1445.44,24799,-0.47,0.00,29.77,221.33,55.40,327.33,66.87,221.67,66.87,0.00
gb,jul,rnaseq,1953.83,11011,5.90,0.00,7.27,2693.34,58.33,0.00,61.13,2693.34,72.90,0.00
gb,jul,sarek,5431.78,18265,2.43,0.00,20.57,2778.42,57.07,0.00,65.17,2778.42,70.00,0.00
gb,aug,chipseq,737.92,13324,13.87,0.00,13.87,0.00,15.13,792.14,22.27,0.00,32.10,0.00
gb,aug,mag,2122.77,45476,30.17,951.50,33.30,2051.49,56.30,3586.76,56.30,3586.76,63.17,951.50
gb,aug,montage,48.86,1900,54.50,0.00,54.50,0.00,54.50,0.00,54.50,0.00,64.20,0.00
gb,aug,nanoseq,10.51,20032,5.23,0.00,5.23,0.00,12.60,973.06,12.60,973.06,27.30,0.00
gb,aug,rangeland,335.59,24799,-0.53,0.00,-0.53,0.00,11.97,221.33,11.97,221.33,25.80,0.00
gb,aug,rnaseq,493.89,11011,18.60,0.00,18.60,0.00,18.97,1624.34,26.20,0.00,35.57,0.00
gb,aug,sarek,1270.74,18265,6.73,0.00,6.73,0.00,14.80,1277.41,15.00,1277.41,29.57,0.00
gb,sep,chipseq,1487.02,13324,34.70,0.00,34.70,0.00,34.70,0.00,47.60,0.00,57.60,0.00
gb,sep,mag,2311.59,45476,23.17,3586.76,23.17,4028.99,30.70,6226.29,51.23,6607.29,51.23,3586.76
gb,sep,montage,61.38,1900,28.27,0.00,28.27,0.00,41.87,0.00,63.40,0.00,63.40,0.00
gb,sep,nanoseq,19.07,20032,17.13,0.00,18.67,2616.28,19.20,686.13,42.80,0.00,46.60,0.00
gb,sep,rangeland,583.41,24799,1.40,0.00,8.00,608.63,12.30,522.63,43.00,0.00,43.00,0.00
gb,sep,rnaseq,1011.45,11011,39.57,1412.06,39.57,1412.06,39.57,1412.06,49.23,0.00,60.83,1412.06
gb,sep,sarek,2267.82,18265,18.97,0.00,18.97,3010.41,18.97,3528.77,42.60,0.00,46.67,0.00
gb,oct,chipseq,4612.84,13324,6.87,0.00,16.43,792.14,54.07,0.00,70.40,0.00,70.40,0.00
gb,oct,mag,6917.40,45476,27.53,3586.76,35.97,1842.88,51.00,3943.52,67.97,1842.88,67.97,3586.76
gb,oct,montage,130.48,1900,25.90,0.00,44.63,0.00,58.63,0.00,58.63,0.00,60.77,0.00
gb,oct,nanoseq,68.04,20032,2.27,0.00,26.53,973.06,50.27,686.13,69.07,0.00,69.07,0.00
gb,oct,rangeland,2162.20,24799,0.93,0.00,32.53,421.33,48.60,249.81,68.87,0.00,68.87,0.00
gb,oct,rnaseq,2972.45,11011,8.57,0.00,13.60,1624.34,55.10,0.00,71.20,0.00,71.20,0.00
gb,oct,sarek,8118.87,18265,2.27,0.00,26.10,1277.41,50.10,3528.77,69.13,0.00,69.13,0.00
gb,nov,chipseq,2947.32,13324,2.63,0.00,10.53,792.14,26.83,0.00,26.83,0.00,26.83,0.00
gb,nov,mag,5041.50,45476,25.53,3457.50,28.93,2959.76,28.93,2959.76,28.93,2959.76,32.27,3457.50
gb,nov,montage,149.61,1900,8.23,0.00,8.23,0.00,8.23,0.00,31.83,0.00,61.80,0.00
gb,nov,nanoseq,45.26,20032,0.00,0.00,18.37,973.06,26.37,0.00,26.37,0.00,26.37,0.00
gb,nov,rangeland,1525.82,24799,1.40,327.33,24.60,220.81,29.20,0.00,29.20,0.00,29.20,327.33
gb,nov,rnaseq,1895.40,11011,4.37,0.00,8.87,1624.34,28.13,0.00,28.13,0.00,28.13,0.00
gb,nov,sarek,5370.19,18265,0.00,0.00,18.10,1277.41,25.93,0.00,25.93,0.00,25.93,0.00
gb,dec,chipseq,3053.16,13324,0.00,0.00,15.17,0.00,32.80,0.00,32.80,0.00,32.80,0.00
gb,dec,mag,4928.82,45476,23.90,3457.50,27.00,3445.50,27.00,3574.76,27.00,3574.76,27.00,3457.50
gb,dec,montage,176.07,1900,2.17,0.00,2.17,0.00,2.17,0.00,2.17,0.00,34.90,0.00
gb,dec,nanoseq,47.57,20032,0.00,0.00,24.07,0.00,32.57,0.00,32.57,0.00,32.57,0.00
gb,dec,rangeland,1543.03,24799,1.30,327.33,27.40,0.33,30.60,0.00,30.60,0.00,30.60,327.33
gb,dec,rnaseq,1929.87,11011,0.00,1412.06,10.53,0.00,32.80,0.00,32.80,0.00,32.80,1412.06
gb,dec,sarek,5658.35,18265,0.00,0.00,23.33,0.00,32.67,0.00,32.67,0.00,32.67,0.00
de,jan,chipseq,8187.79,13324,1.13,0.00,1.13,0.00,1.13,0.00,1.13,0.00,1.13,0.00
de,jan,mag,12891.07,45476,0.03,583.50,0.03,583.50,0.03,583.50,0.03,583.50,0.03,583.50
de,jan,montage,324.15,1900,6.20,0.00,6.20,0.00,6.20,0.00,6.20,0.00,6.20,0.00
de,jan,nanoseq,126.01,20032,0.00,0.00,0.00,0.00,0.00,0.00,0.00,0.00,0.00,0.00
de,jan,rangeland,4103.49,24799,0.00,0.00,0.00,0.00,0.00,0.00,0.00,0.00,0.00,0.00
de,jan,rnaseq,5221.61,11011,2.20,0.00,2.20,0.00,2.20,0.00,2.20,0.00,2.20,0.00
de,jan,sarek,14997.97,18265,0.00,0.00,0.00,0.00,0.00,0.00,0.00,0.00,0.00,0.00
de,feb,chipseq,8223.62,13324,3.67,0.00,4.63,1412.47,31.90,0.00,33.47,0.00,36.07,0.00
de,feb,mag,12250.82,45476,8.93,3586.76,11.27,3560.99,21.27,3825.52,24.50,3228.49,36.83,3586.76
de,feb,montage,355.48,1900,10.53,0.00,10.53,0.00,27.97,0.00,38.87,0.00,38.87,0.00
de,feb,nanoseq,123.73,20032,0.00,0.00,5.87,1042.14,28.23,0.00,29.00,2616.28,34.30,0.00
de,feb,rangeland,4005.36,24799,-0.13,327.33,9.43,421.33,25.93,220.81,26.13,335.81,35.33,327.33
de,feb,rnaseq,5282.28,11011,5.77,0.00,5.77,2693.34,31.43,0.00,35.30,0.00,36.90,0.00
de,feb,sarek,14739.68,18265,0.10,0.00,5.50,2778.42,28.90,0.00,29.10,2569.77,34.57,0.00
de,mar,chipseq,5064.10,13324,0.00,0.00,0.00,0.00,0.00,0.00,0.00,0.00,41.50,0.00
de,mar,mag,11282.63,45476,0.00,583.50,0.80,368.76,2.73,300.76,13.77,3586.76,53.07,583.50
de,mar,montage,395.79,1900,2.57,0.00,2.57,0.00,15.57,0.00,38.73,0.00,70.20,0.00
de,mar,nanoseq,81.32,20032,0.00,0.00,0.00,0.00,0.00,0.00,0.00,0.00,43.20,0.00
de,mar,rangeland,2861.56,24799,0.00,0.00,0.00,0.00,0.00,0.00,0.40,327.33,45.43,0.00
de,mar,rnaseq,3245.30,11011,1.13,0.00,1.13,0.00,1.13,0.00,1.13,0.00,41.60,0.00
de,mar,sarek,9601.51,18265,0.00,0.00,0.00,0.00,0.00,0.00,0.00,0.00,43.10,0.00
de,apr,chipseq,4596.13,13324,7.03,0.00,7.03,0.00,26.60,0.00,34.13,0.00,47.73,0.00
de,apr,mag,9503.57,45476,26.47,3586.76,31.13,3993.52,46.03,2724.76,50.93,2628.50,60.87,3586.76
de,apr,montage,154.62,1900,20.87,0.00,20.87,0.00,20.87,0.00,20.87,0.00,45.00,0.00
de,apr,nanoseq,68.01,20032,0.00,0.00,2.60,686.13,27.93,0.00,31.27,2616.28,47.90,0.00
de,apr,rangeland,2338.99,24799,0.00,0.00,8.67,323.05,33.90,0.00,35.13,335.81,51.47,0.00
de,apr,rnaseq,3023.70,11011,10.47,0.00,10.47,0.00,27.20,0.00,36.70,0.00,48.57,0.00
de,apr,sarek,8100.82,18265,0.43,0.00,1.93,3528.77,27.67,0.00,31.47,2569.77,47.43,0.00
de,may,chipseq,2454.37,13324,0.00,0.00,0.00,0.00,21.37,0.00,22.73,0.00,22.73,0.00
de,may,mag,5758.56,45476,23.43,1183.50,30.00,3887.52,44.47,3574.76,44.47,3574.76,44.47,1183.50
de,may,montage,86.17,1900,10.90,0.00,10.90,0.00,10.90,0.00,10.90,0.00,10.90,0.00
de,may,nanoseq,38.66,20032,0.00,0.00,0.00,0.00,23.07,0.00,23.07,0.00,23.07,0.00
de,may,rangeland,1261.63,24799,0.00,0.00,0.00,0.00,21.50,0.00,21.50,0.00,21.50,0.00
de,may,rnaseq,1549.66,11011,0.00,0.00,0.00,0.00,20.10,0.00,23.03,0.00,23.03,0.00
de,may,sarek,4626.99,18265,0.00,0.00,0.00,0.00,23.30,0.00,23.30,0.00,23.30,0.00
de,jun,chipseq,3620.76,13324,11.10,0.00,11.10,0.00,25.50,0.00,34.40,0.00,34.40,0.00
de,jun,mag,6684.99,45476,13.13,1183.50,19.77,3864.49,37.77,2959.76,41.23,3586.76,41.23,1183.50
de,jun,montage,137.12,1900,30.03,0.00,30.03,0.00,30.03,0.00,30.03,0.00,38.80,0.00
de,jun,nanoseq,52.27,20032,3.27,0.00,3.27,0.00,25.73,0.00,28.00,0.00,28.00,0.00
de,jun,rangeland,1712.20,24799,-0.80,0.00,-0.80,327.33,25.67,0.33,26.50,272.81,26.60,0.00
de,jun,rnaseq,2402.47,11011,15.80,0.00,15.80,0.00,25.87,0.00,37.73,0.00,37.73,0.00
de,jun,sarek,6267.73,18265,4.00,0.00,4.00,0.00,25.93,0.00,28.63,0.00,28.63,0.00
de,jul,chipseq,2800.50,13324,1.80,0.00,1.80,0.00,3.93,792.14,7.63,0.00,7.63,0.00
de,jul,mag,9048.33,45476,11.87,951.50,29.77,1183.50,54.90,3445.50,54.93,4028.99,55.37,951.50
de,jul,montage,129.48,1900,19.23,0.00,19.23,0.00,19.23,0.00,19.23,0.00,30.90,0.00
de,jul,nanoseq,43.93,20032,0.00,0.00,0.00,0.00,7.97,973.06,7.97,973.06,7.97,0.00
de,jul,rangeland,1568.57,24799,0.00,0.00,0.00,0.00,17.63,421.33,17.63,421.33,17.63,0.00
de,jul,rnaseq,1798.37,11011,3.97,0.00,3.97,0.00,4.77,1624.34,9.17,0.00,9.17,0.00
de,jul,sarek,5166.66,18265,0.00,0.00,0.00,0.00,7.00,1277.41,7.20,1271.42,7.20,0.00
de,aug,chipseq,2459.27,13324,2.43,0.00,2.43,0.00,2.43,0.00,2.43,0.00,2.43,0.00
de,aug,mag,8042.99,45476,8.97,951.50,20.57,951.50,51.97,3586.76,51.97,3586.76,52.43,951.50
de,aug,montage,160.18,1900,33.27,0.00,33.27,0.00,33.27,0.00,33.27,0.00,33.27,0.00
de,aug,nanoseq,37.48,20032,0.00,0.00,0.00,0.00,0.17,2616.28,0.17,2616.28,0.17,0.00
de,aug,rangeland,1295.97,24799,0.00,0.00,0.00,0.00,6.13,272.81,6.13,272.81,6.13,0.00
de,aug,rnaseq,1577.46,11011,3.87,0.00,3.87,0.00,3.87,0.00,3.87,0.00,3.87,0.00
de,aug,sarek,4455.77,18265,0.00,0.00,0.00,0.00,0.00,3010.41,0.00,3010.41,0.00,0.00
de,sep,chipseq,6681.24,13324,16.30,0.00,20.57,792.14,50.17,0.00,57.30,0.00,57.30,0.00
de,sep,mag,9583.51,45476,21.93,3586.76,23.47,3560.99,47.47,0.00,48.17,2134.99,50.20,3586.76
de,sep,montage,150.79,1900,26.03,0.00,26.03,0.00,26.03,0.00,26.03,0.00,26.03,0.00
de,sep,nanoseq,94.41,20032,6.77,0.00,20.80,973.06,50.17,0.00,52.17,0.00,52.37,0.00
de,sep,rangeland,2976.39,24799,1.53,327.33,22.20,421.33,49.40,0.00,49.40,0.00,49.67,327.33
de,sep,rnaseq,4392.97,11011,19.63,0.00,21.67,1624.34,50.50,0.00,58.87,0.00,58.87,0.00
de,sep,sarek,11314.52,18265,7.67,0.00,21.17,1277.41,50.47,0.00,52.70,0.00,52.70,0.00
de,oct,chipseq,8015.06,13324,0.00,0.00,0.00,0.00,12.77,0.00,54.63,792.14,55.70,0.00
de,oct,mag,13478.76,45476,0.93,300.76,6.40,1183.50,28.37,2412.99,60.40,3586.76,60.40,300.76
de,oct,montage,316.77,1900,21.63,0.00,36.13,0.00,52.17,0.00,55.10,0.00,55.10,0.00
de,oct,nanoseq,124.43,20032,0.00,0.00,0.00,0.00,18.30,0.00,55.50,973.06,55.50,0.00
de,oct,rangeland,4068.43,24799,0.00,0.00,0.00,0.00,17.60,0.00,56.43,220.81,56.43,0.00
de,oct,rnaseq,5070.30,11011,0.07,0.00,0.07,0.00,9.93,0.00,54.20,1624.34,55.67,0.00
de,oct,sarek,14802.41,18265,0.00,0.00,0.00,0.00,18.77,0.00,55.63,1277.41,55.63,0.00
de,nov,chipseq,8978.58,13324,1.07,0.00,1.07,0.00,1.07,0.00,1.07,0.00,4.40,0.00
de,nov,mag,13357.01,45476,0.00,0.00,0.10,583.50,0.90,300.76,0.90,300.76,5.83,0.00
de,nov,montage,402.41,1900,4.03,0.00,4.03,0.00,4.03,0.00,12.17,0.00,35.27,0.00
de,nov,nanoseq,137.05,20032,0.00,0.00,0.00,0.00,0.00,0.00,0.00,0.00,3.57,0.00
de,nov,rangeland,4383.70,24799,0.00,0.00,0.00,0.00,0.00,0.00,0.00,0.00,4.20,0.00
de,nov,rnaseq,5706.75,11011,1.57,0.00,1.57,0.00,1.57,0.00,1.57,0.00,4.93,0.00
de,nov,sarek,16329.45,18265,0.00,0.00,0.00,0.00,0.00,0.00,0.00,0.00,3.33,0.00
de,dec,chipseq,6497.88,13324,1.43,0.00,1.43,0.00,1.43,0.00,1.43,0.00,1.43,0.00
de,dec,mag,9470.06,45476,0.17,583.50,0.17,583.50,0.17,583.50,0.17,583.50,0.17,583.50
de,dec,montage,334.45,1900,0.00,0.00,0.00,0.00,0.00,0.00,0.00,0.00,2.67,0.00
de,dec,nanoseq,98.74,20032,0.20,0.00,0.20,0.00,0.20,0.00,0.20,0.00,0.20,0.00
de,dec,rangeland,3136.52,24799,0.00,0.00,0.00,0.00,0.00,0.00,0.00,0.00,0.00,0.00
de,dec,rnaseq,4132.29,11011,2.10,0.00,2.10,0.00,2.10,0.00,2.10,0.00,2.10,0.00
de,dec,sarek,11787.24,18265,0.23,0.00,0.23,0.00,0.23,0.00,0.23,0.00,0.23,0.00
ca,jan,chipseq,6544.42,13324,33.93,0.00,52.43,0.00,52.43,0.00,55.30,0.00,59.73,0.00
ca,jan,mag,6879.23,45476,4.67,368.76,4.67,300.76,35.13,3586.76,38.77,2724.76,42.20,368.76
ca,jan,montage,242.73,1900,3.40,0.00,52.10,0.00,52.10,0.00,54.60,0.00,59.50,0.00
ca,jan,nanoseq,101.02,20032,43.63,0.00,52.47,0.00,52.47,0.00,55.13,0.00,59.43,0.00
ca,jan,rangeland,3149.08,24799,42.83,0.00,48.73,0.00,48.73,0.00,53.80,421.33,58.03,0.00
ca,jan,rnaseq,4118.10,11011,26.97,0.00,52.20,0.00,52.20,0.00,55.10,0.00,59.50,0.00
ca,jan,sarek,12056.09,18265,42.73,0.00,52.57,0.00,52.57,0.00,55.20,0.00,59.73,0.00
ca,feb,chipseq,6491.09,13324,57.40,0.00,71.20,0.00,71.20,0.00,71.20,0.00,71.20,0.00
ca,feb,mag,5560.21,45476,15.60,0.00,15.60,0.00,44.20,2628.50,44.20,4313.49,45.70,0.00
ca,feb,montage,264.47,1900,27.50,0.00,71.70,0.00,71.70,0.00,71.70,0.00,71.70,0.00
ca,feb,nanoseq,96.19,20032,63.23,0.00,69.63,0.00,69.63,0.00,69.63,0.00,69.63,0.00
ca,feb,rangeland,2873.46,24799,60.20,0.00,65.40,0.00,65.40,0.00,66.17,272.81,66.30,0.00
ca,feb,rnaseq,4119.91,11011,51.63,0.00,71.37,0.00,71.37,0.00,71.37,0.00,71.37,0.00
ca,feb,sarek,11518.42,18265,62.20,0.00,69.93,0.00,69.93,0.00,69.93,0.00,69.93,0.00
ca,mar,chipseq,4051.88,13324,53.30,0.00,66.00,792.14,66.00,792.14,72.03,0.00,75.60,0.00
ca,mar,mag,3854.44,45476,23.07,1842.88,23.07,368.76,49.83,1183.50,59.63,3586.76,60.57,1842.88
ca,mar,montage,154.44,1900,13.57,0.00,70.80,0.00,70.80,0.00,74.17,0.00,74.17,0.00
ca,mar,nanoseq,64.19,20032,61.10,0.00,66.63,0.00,66.63,0.00,72.63,0.00,76.10,0.00
ca,mar,rangeland,1923.69,24799,57.97,0.00,63.17,0.00,63.17,0.00,70.07,0.33,74.27,0.00
ca,mar,rnaseq,2535.57,11011,46.97,0.00,65.80,1624.34,65.80,1624.34,71.67,0.00,75.37,0.00
ca,mar,sarek,7668.34,18265,60.23,0.00,66.63,1277.41,66.63,1277.41,72.87,0.00,76.20,0.00
ca,apr,chipseq,4193.99,13324,50.33,0.00,65.47,0.00,65.47,0.00,66.50,1412.47,66.60,0.00
ca,apr,mag,4175.95,45476,33.63,26.88,33.63,26.88,47.03,2644.99,47.83,3825.52,51.43,26.88
ca,apr,montage,190.15,1900,31.70,0.00,67.30,0.00,67.30,0.00,68.30,0.00,72.90,0.00
ca,apr,nanoseq,64.97,20032,53.90,0.00,65.20,0.00,65.20,0.00,65.77,1728.27,66.37,0.00
ca,apr,rangeland,1979.28,24799,51.93,0.00,62.30,0.33,62.30,0.33,63.83,221.33,64.93,0.00
ca,apr,rnaseq,2637.59,11011,44.87,0.00,64.60,0.00,65.20,0.00,66.40,2693.34,66.77,0.00
ca,apr,sarek,7765.70,18265,51.67,0.00,65.80,0.00,65.80,0.00,65.80,5736.54,66.57,0.00
ca,may,chipseq,3250.96,13324,62.57,0.00,75.53,0.00,75.53,0.00,75.53,0.00,75.97,0.00
ca,may,mag,2813.07,45476,30.77,0.00,30.77,0.00,46.53,1183.50,55.27,4640.99,62.00,0.00
ca,may,montage,161.45,1900,41.53,0.00,74.37,0.00,74.37,0.00,78.30,0.00,83.83,0.00
ca,may,nanoseq,50.35,20032,67.87,0.00,74.67,0.00,74.67,0.00,74.67,0.00,75.67,0.00
ca,may,rangeland,1453.40,24799,65.70,0.00,70.20,0.00,70.20,0.00,70.30,327.33,72.80,0.00
ca,may,rnaseq,2063.38,11011,59.27,0.00,75.60,0.00,75.60,0.00,75.60,0.00,76.20,0.00
ca,may,sarek,6064.66,18265,67.23,0.00,75.27,0.00,75.27,0.00,75.27,0.00,75.83,0.00
ca,jun,chipseq,2545.76,13324,54.57,0.00,61.43,0.00,61.43,0.00,61.43,0.00,69.00,0.00
ca,jun,mag,2416.65,45476,21.50,26.88,21.50,26.88,32.23,1183.50,35.80,2912.99,51.73,26.88
ca,jun,montage,146.18,1900,45.67,0.00,66.23,0.00,66.23,0.00,71.33,0.00,81.60,0.00
ca,jun,nanoseq,39.51,20032,58.17,0.00,61.50,0.00,61.50,0.00,61.50,0.00,67.13,0.00
ca,jun,rangeland,1130.59,24799,54.50,0.00,55.67,0.00,55.67,0.00,55.67,0.00,62.73,0.00
ca,jun,rnaseq,1614.62,11011,52.93,0.00,61.53,0.00,61.53,0.00,61.53,0.00,69.00,0.00
ca,jun,sarek,4793.78,18265,58.47,0.00,62.43,0.00,62.43,0.00,62.43,0.00,68.30,0.00
ca,jul,chipseq,4791.86,13324,41.53,0.00,43.70,0.00,43.70,0.00,43.97,1412.47,43.97,0.00
ca,jul,mag,5240.00,45476,10.13,0.00,10.13,0.00,22.27,3586.76,22.27,3749.99,22.27,0.00
ca,jul,montage,226.91,1900,34.30,0.00,51.00,0.00,51.00,0.00,51.00,0.00,51.00,0.00
ca,jul,nanoseq,73.51,20032,42.10,0.00,42.10,0.00,42.10,0.00,43.50,1042.14,43.50,0.00
ca,jul,rangeland,2168.92,24799,35.57,0.00,35.57,0.00,35.57,0.00,38.40,249.81,38.40,0.00
ca,jul,rnaseq,3037.02,11011,40.13,0.00,44.10,0.00,44.10,0.00,44.10,2693.34,44.10,0.00
ca,jul,sarek,8856.25,18265,42.43,0.00,42.63,0.00,42.63,0.00,44.00,2778.42,44.00,0.00
ca,aug,chipseq,4749.11,13324,45.33,0.00,56.47,1412.47,56.47,1412.47,66.77,0.00,70.47,0.00
ca,aug,mag,4709.50,45476,22.43,0.00,22.43,583.50,43.23,3586.76,49.50,1183.50,53.90,0.00
ca,aug,montage,183.07,1900,35.33,0.00,65.70,0.00,65.70,0.00,65.70,0.00,69.23,0.00
ca,aug,nanoseq,71.92,20032,50.23,0.00,55.50,0.00,55.50,0.00,65.83,0.00,69.10,0.00
ca,aug,rangeland,2170.52,24799,47.40,0.00,52.03,0.00,52.03,0.00,63.20,0.00,66.93,0.00
ca,aug,rnaseq,3026.73,11011,41.73,0.00,56.77,2693.34,56.77,2693.34,67.03,0.00,70.80,0.00
ca,aug,sarek,8605.06,18265,49.60,0.00,55.70,0.00,55.70,0.00,66.10,0.00,69.47,0.00
ca,sep,chipseq,6008.11,13324,36.13,0.00,44.80,0.00,44.80,0.00,62.40,0.00,81.63,0.00
ca,sep,mag,6619.38,45476,12.30,0.00,12.30,329.88,37.73,3586.76,60.57,3586.76,73.73,0.00
ca,sep,montage,234.37,1900,19.20,0.00,61.07,0.00,61.07,0.00,81.97,0.00,81.97,0.00
ca,sep,nanoseq,93.01,20032,41.37,0.00,43.53,0.00,43.53,0.00,62.20,0.00,81.40,0.00
ca,sep,rangeland,2859.69,24799,37.60,0.00,40.67,0.00,40.67,0.00,58.67,0.00,80.43,0.00
ca,sep,rnaseq,3787.57,11011,31.60,0.00,44.90,0.00,44.90,0.00,62.40,0.00,81.60,0.00
ca,sep,sarek,11113.84,18265,40.90,0.00,43.60,0.00,43.60,0.00,62.17,0.00,81.40,0.00
ca,oct,chipseq,5879.77,13324,43.53,0.00,63.70,0.00,63.70,0.00,63.70,0.00,74.07,0.00
ca,oct,mag,5672.89,45476,15.47,0.00,15.47,0.00,39.40,1183.50,42.00,7269.49,57.80,0.00
ca,oct,montage,245.25,1900,6.03,0.00,57.03,0.00,57.30,0.00,61.30,0.00,76.00,0.00
ca,oct,nanoseq,90.53,20032,53.93,0.00,63.80,0.00,63.80,0.00,63.80,0.00,73.73,0.00
ca,oct,rangeland,2811.88,24799,52.50,0.00,61.10,0.00,61.10,0.00,61.83,327.33,72.60,0.00
ca,oct,rnaseq,3710.02,11011,35.73,0.00,63.87,1412.06,63.87,1412.06,63.87,1412.06,73.97,0.00
ca,oct,sarek,10825.66,18265,52.93,0.00,64.00,0.00,64.00,0.00,64.00,0.00,73.93,0.00
ca,nov,chipseq,5791.12,13324,52.93,0.00,60.60,0.00,60.60,0.00,67.70,0.00,68.70,0.00
ca,nov,mag,5563.17,45476,9.07,0.00,9.07,1235.99,45.10,3586.76,47.00,1481.76,55.30,0.00
ca,nov,montage,191.86,1900,26.13,0.00,60.87,0.00,60.87,0.00,60.87,0.00,65.70,0.00
ca,nov,nanoseq,89.30,20032,57.30,0.00,60.70,0.00,60.70,0.00,66.97,0.00,68.53,0.00
ca,nov,rangeland,2652.05,24799,53.50,0.00,55.53,0.00,55.53,0.00,64.00,0.33,66.40,0.00
ca,nov,rnaseq,3645.72,11011,48.60,0.00,60.60,0.00,60.60,0.00,67.57,0.00,68.53,0.00
ca,nov,sarek,10674.02,18265,56.37,0.00,60.77,0.00,60.77,0.00,67.20,0.00,68.67,0.00
ca,dec,chipseq,5299.89,13324,29.23,0.00,50.43,0.00,50.43,0.00,50.43,0.00,50.43,0.00
ca,dec,mag,5745.93,45476,8.00,2959.76,8.00,2959.76,26.20,2628.50,28.00,3586.76,29.03,2959.76
ca,dec,montage,265.29,1900,11.03,0.00,57.40,0.00,57.40,0.00,57.40,0.00,57.40,0.00
ca,dec,nanoseq,81.01,20032,37.60,0.00,47.77,0.00,47.77,0.00,49.57,686.13,49.57,0.00
ca,dec,rangeland,2536.82,24799,38.73,0.00,43.73,0.00,43.73,0.00,47.90,323.05,47.90,0.00
ca,dec,rnaseq,3358.34,11011,24.17,0.00,50.50,0.00,50.50,0.00,50.50,0.00,50.50,0.00
ca,dec,sarek,9673.21,18265,36.67,0.00,48.50,0.00,48.50,0.00,49.50,3528.77,49.50,0.00
tx,jan,chipseq,4338.83,13324,0.00,0.00,0.00,0.00,0.00,1412.47,4.00,792.14,5.97,0.00
tx,jan,mag,7397.67,45476,0.00,0.00,2.23,5360.52,12.10,5360.52,17.67,4459.99,18.87,0.00
tx,jan,montage,151.80,1900,0.00,0.00,0.00,0.00,0.00,0.00,0.00,0.00,0.00,0.00
tx,jan,nanoseq,74.07,20032,2.27,3124.04,2.27,3124.04,2.60,686.13,12.37,973.06,14.10,3124.04
tx,jan,rangeland,2420.76,24799,3.30,591.10,3.30,591.10,5.70,598.67,14.73,421.33,16.70,591.10
tx,jan,rnaseq,2647.65,11011,0.00,0.00,0.00,0.00,0.00,2693.34,1.53,1624.34,2.87,0.00
tx,jan,sarek,8830.10,18265,2.13,6098.54,2.13,6098.54,2.47,3528.77,12.60,1277.41,14.53,6098.54
tx,feb,chipseq,5894.59,13324,13.30,0.00,15.30,0.00,15.30,0.00,29.27,0.00,40.60,0.00
tx,feb,mag,7880.60,45476,2.67,2959.76,2.67,2959.76,16.87,3882.52,30.33,6902.99,30.63,2959.76
tx,feb,montage,232.99,1900,9.83,0.00,13.77,0.00,13.77,0.00,28.43,0.00,39.53,0.00
tx,feb,nanoseq,94.85,20032,18.60,0.00,19.00,973.06,19.00,973.06,32.27,0.00,43.17,0.00
tx,feb,rangeland,2871.99,24799,14.77,0.00,14.77,0.00,15.80,493.63,30.20,535.10,39.50,0.00
tx,feb,rnaseq,3660.06,11011,11.53,0.00,13.70,0.00,13.70,0.00,28.53,0.00,39.87,0.00
tx,feb,sarek,11496.28,18265,19.90,0.00,20.40,1277.41,20.40,1277.41,33.20,0.00,44.03,0.00
tx,mar,chipseq,5078.79,13324,27.33,0.00,30.80,0.00,32.77,0.00,34.33,1412.47,34.33,0.00
tx,mar,mag,6074.82,45476,8.13,368.76,17.33,3586.76,19.23,3560.99,20.03,2949.49,20.03,368.76
tx,mar,montage,142.91,1900,5.30,0.00,5.60,0.00,5.60,0.00,5.60,0.00,5.60,0.00
tx,mar,nanoseq,80.60,20032,31.47,0.00,32.63,0.00,34.63,3589.34,36.43,686.13,36.43,0.00
tx,mar,rangeland,2369.21,24799,26.20,0.00,26.23,327.33,30.00,829.44,31.27,576.67,31.27,0.00
tx,mar,rnaseq,3087.96,11011,23.50,0.00,28.17,0.00,30.07,0.00,31.97,2693.34,31.97,0.00
tx,mar,sarek,9732.75,18265,32.13,0.00,33.30,0.00,35.40,3831.54,37.07,3528.77,37.07,0.00
tx,apr,chipseq,6357.01,13324,5.83,792.14,6.50,1412.47,9.93,0.00,13.47,1412.47,40.73,792.14
tx,apr,mag,10054.74,45476,9.10,4459.99,15.17,6090.49,18.57,7793.29,33.67,6534.52,49.97,4459.99
tx,apr,montage,243.27,1900,2.83,0.00,7.90,0.00,7.90,0.00,38.20,0.00,44.63,0.00
tx,apr,nanoseq,107.36,20032,10.67,1042.14,14.60,1591.29,17.50,1947.30,21.57,3124.04,46.07,1042.14
tx,apr,rangeland,3336.08,24799,11.20,548.67,11.80,576.67,16.30,970.33,21.83,591.15,46.30,548.67
tx,apr,rnaseq,3878.39,11011,3.03,1624.34,3.70,2693.34,6.67,0.00,10.37,2693.34,38.60,1624.34
tx,apr,sarek,12925.39,18265,12.47,2778.42,15.83,4790.54,18.70,4049.83,22.30,6098.54,46.53,2778.42
tx,may,chipseq,10020.73,13324,37.83,0.00,40.63,1412.47,40.63,1412.47,49.30,0.00,59.40,0.00
tx,may,mag,10943.25,45476,12.80,0.00,12.80,0.00,22.00,6311.52,38.10,3574.76,38.10,0.00
tx,may,montage,404.32,1900,37.13,0.00,42.77,0.00,48.97,0.00,60.07,0.00,60.07,0.00
tx,may,nanoseq,148.24,20032,35.80,0.00,37.37,1042.14,37.37,1042.14,48.37,686.13,56.53,0.00
tx,may,rangeland,4417.10,24799,30.60,0.00,32.40,421.33,32.83,748.67,47.80,323.05,51.43,0.00
tx,may,rnaseq,6356.24,11011,36.13,0.00,40.83,2693.34,40.83,2693.34,49.50,0.00,59.47,0.00
tx,may,sarek,17830.87,18265,35.83,0.00,37.73,2778.42,37.73,2778.42,48.13,3528.77,57.00,0.00
tx,jun,chipseq,8115.70,13324,5.73,0.00,5.73,0.00,5.73,0.00,6.10,2165.28,26.63,0.00
tx,jun,mag,11500.97,45476,1.87,3276.50,1.87,3276.50,3.17,6085.99,5.40,6785.29,21.17,3276.50
tx,jun,montage,373.21,1900,16.27,0.00,16.27,0.00,16.53,0.00,28.10,0.00,38.57,0.00
tx,jun,nanoseq,128.06,20032,8.00,0.00,8.00,0.00,8.00,0.00,8.77,1728.27,27.00,0.00
tx,jun,rangeland,3942.72,24799,4.37,0.00,4.37,327.33,5.13,327.33,6.73,820.00,25.60,0.00
tx,jun,rnaseq,5049.81,11011,4.20,0.00,4.20,0.00,4.20,0.00,4.67,4317.67,25.37,0.00
tx,jun,sarek,15408.73,18265,8.70,0.00,8.70,0.00,8.70,0.00,9.50,5736.54,27.50,0.00
tx,jul,chipseq,7507.59,13324,5.73,0.00,9.77,792.14,9.77,792.14,11.77,792.14,12.23,0.00
tx,jul,mag,10380.61,45476,3.10,1842.88,3.10,1842.88,5.30,5779.29,5.30,5779.29,8.27,1842.88
tx,jul,montage,394.76,1900,30.07,0.00,30.17,0.00,30.17,0.00,30.17,0.00,34.43,0.00
tx,jul,nanoseq,117.01,20032,7.97,686.13,10.23,1591.29,10.23,1591.29,12.20,1591.29,13.47,686.13
tx,jul,rangeland,3602.54,24799,5.70,335.81,8.20,548.63,8.63,1020.33,9.30,548.63,11.50,335.81
tx,jul,rnaseq,4637.86,11011,4.03,0.00,6.97,1624.34,7.53,1624.34,9.93,1624.34,10.47,0.00
tx,jul,sarek,14042.45,18265,8.53,3528.77,11.20,4790.54,11.20,4790.54,12.73,4790.54,14.00,3528.77
tx,aug,chipseq,6668.38,13324,8.40,792.14,8.40,792.14,8.40,792.14,13.10,792.14,23.20,792.14
tx,aug,mag,9963.40,45476,4.10,4459.99,4.10,4459.99,8.37,8364.49,18.43,8028.29,20.50,4459.99
tx,aug,montage,296.62,1900,21.53,0.00,22.37,0.00,22.37,0.00,30.30,0.00,30.30,0.00
tx,aug,nanoseq,107.90,20032,11.60,973.06,11.67,3589.34,11.67,3589.34,17.97,3581.81,25.77,973.06
tx,aug,rangeland,3238.11,24799,4.27,221.33,4.67,748.67,7.93,904.00,15.20,548.63,20.10,221.33
tx,aug,rnaseq,4095.24,11011,6.20,1624.34,6.20,1624.34,6.20,1624.34,11.10,1624.34,21.53,1624.34
tx,aug,sarek,13043.95,18265,13.93,1277.41,13.93,3831.54,13.93,3831.54,18.90,5153.83,26.70,1277.41
tx,sep,chipseq,8106.33,13324,35.23,0.00,35.23,0.00,35.23,0.00,35.23,1412.47,35.23,0.00
tx,sep,mag,9393.91,45476,6.20,1842.88,6.90,300.76,15.43,2628.50,15.43,2628.50,22.40,1842.88
tx,sep,montage,287.55,1900,21.23,0.00,25.00,0.00,25.00,0.00,25.00,0.00,36.63,0.00
tx,sep,nanoseq,126.70,20032,35.53,0.00,35.53,0.00,35.53,0.00,36.33,686.13,36.33,0.00
tx,sep,rangeland,3651.22,24799,27.57,0.00,27.57,0.00,27.83,327.33,29.27,335.81,31.30,0.00
tx,sep,rnaseq,5001.83,11011,33.53,0.00,33.67,0.00,33.67,0.00,34.03,2693.34,34.03,0.00
tx,sep,sarek,15413.65,18265,36.73,0.00,36.73,0.00,36.73,0.00,37.50,3528.77,37.50,0.00
tx,oct,chipseq,7435.90,13324,23.23,0.00,23.23,0.00,25.47,792.14,31.00,0.00,56.00,0.00
tx,oct,mag,10113.85,45476,0.53,2959.76,8.47,3143.52,21.40,4089.99,29.40,4935.49,52.80,2959.76
tx,oct,montage,235.40,1900,11.00,0.00,14.17,0.00,14.17,0.00,20.00,0.00,44.17,0.00
tx,oct,nanoseq,113.86,20032,17.93,0.00,17.93,0.00,22.93,1042.14,30.43,973.06,55.67,0.00
tx,oct,rangeland,3387.01,24799,7.07,220.81,7.07,220.81,19.03,748.67,25.57,749.00,51.77,220.81
tx,oct,rnaseq,4717.00,11011,23.27,0.00,23.27,0.00,26.77,1624.34,31.17,0.00,56.30,0.00
tx,oct,sarek,13737.89,18265,19.20,0.00,19.20,0.00,24.13,2778.42,31.67,1271.42,56.17,0.00
tx,nov,chipseq,11105.81,13324,39.43,0.00,39.43,0.00,47.27,0.00,60.10,0.00,60.10,0.00
tx,nov,mag,11896.41,45476,1.83,951.50,19.23,3586.76,40.37,0.00,44.83,2628.50,52.03,951.50
tx,nov,montage,249.86,1900,26.97,0.00,28.17,0.00,28.17,0.00,28.17,0.00,41.50,0.00
tx,nov,nanoseq,164.09,20032,36.67,0.00,36.73,686.13,47.17,0.00,58.20,0.00,58.57,0.00
tx,nov,rangeland,4707.01,24799,29.57,0.00,29.57,0.00,44.60,0.00,53.70,327.33,55.87,0.00
tx,nov,rnaseq,6996.40,11011,39.03,0.00,39.20,0.00,46.63,0.00,60.00,0.00,60.00,0.00
tx,nov,sarek,19988.72,18265,37.97,0.00,37.97,3528.77,47.60,0.00,59.07,0.00,59.17,0.00
tx,dec,chipseq,6541.00,13324,24.40,0.00,34.83,0.00,34.83,0.00,41.23,0.00,48.33,0.00
tx,dec,mag,7745.53,45476,1.90,3859.99,5.13,1183.50,21.57,6902.99,21.57,3943.52,31.33,3859.99
tx,dec,montage,221.70,1900,8.27,0.00,31.50,0.00,31.50,0.00,31.50,0.00,38.67,0.00
tx,dec,nanoseq,103.47,20032,31.80,0.00,34.87,0.00,35.27,2616.28,41.20,0.00,49.20,0.00
tx,dec,rangeland,3120.51,24799,28.60,0.00,28.60,0.00,29.30,608.63,36.90,421.33,45.37,0.00
tx,dec,rnaseq,4060.83,11011,20.33,0.00,33.93,0.00,33.93,0.00,40.10,0.00,47.63,0.00
tx,dec,sarek,12470.79,18265,32.47,0.00,35.70,0.00,36.47,2569.77,42.13,0.00,49.83,0.00
zaf,jan,chipseq,14446.32,13324,2.00,0.00,2.00,0.00,2.37,792.14,4.40,0.00,6.47,0.00
zaf,jan,mag,20540.44,45476,0.00,0.00,0.70,300.76,2.10,4628.99,3.70,3574.76,4.93,0.00
zaf,jan,montage,551.39,1900,2.90,0.00,3.00,0.00,3.00,0.00,3.90,0.00,7.10,0.00
zaf,jan,nanoseq,219.54,20032,1.27,0.00,1.27,0.00,1.57,3581.81,4.10,0.00,5.60,0.00
zaf,jan,rangeland,6915.27,24799,0.60,0.00,0.60,0.00,1.30,548.63,3.50,0.33,4.90,0.00
zaf,jan,rnaseq,9155.78,11011,2.23,0.00,2.23,0.00,2.63,1624.34,4.40,0.00,6.70,0.00
zaf,jan,sarek,26215.35,18265,1.33,0.00,1.33,0.00,1.63,5153.83,4.10,0.00,5.70,0.00
zaf,feb,chipseq,14375.05,13324,0.00,0.00,0.00,0.00,1.40,0.00,2.80,0.00,8.00,0.00
zaf,feb,mag,21290.12,45476,0.00,583.50,3.10,951.50,5.10,2959.76,5.10,2959.76,9.67,583.50
zaf,feb,montage,585.86,1900,0.20,0.00,0.20,0.00,0.87,0.00,3.37,0.00,8.20,0.00
zaf,feb,nanoseq,220.38,20032,0.00,0.00,0.00,0.00,2.17,0.00,2.53,0.00,8.03,0.00
zaf,feb,rangeland,7006.22,24799,0.00,0.00,0.00,0.00,2.80,0.00,2.80,0.00,8.40,0.00
zaf,feb,rnaseq,9090.97,11011,0.07,0.00,0.07,0.00,1.27,0.00,2.70,0.00,8.03,0.00
zaf,feb,sarek,26283.45,18265,0.00,0.00,0.00,0.00,2.00,0.00,2.57,0.00,8.00,0.00
zaf,mar,chipseq,14867.41,13324,0.00,0.00,0.00,0.00,0.10,792.14,0.20,792.14,6.60,0.00
zaf,mar,mag,21934.22,45476,0.00,583.50,1.83,1183.50,2.90,3574.76,3.33,4459.99,7.07,583.50
zaf,mar,montage,606.84,1900,0.20,0.00,0.20,0.00,0.20,0.00,0.33,0.00,6.90,0.00
zaf,mar,nanoseq,228.31,20032,0.00,0.00,0.00,0.00,0.43,1042.14,0.53,1042.14,6.60,0.00
zaf,mar,rangeland,7263.57,24799,0.00,0.00,0.00,0.00,1.00,221.33,1.20,470.63,6.47,0.00
zaf,mar,rnaseq,9397.25,11011,0.00,0.00,0.00,0.00,0.10,1624.34,0.20,1624.34,6.60,0.00
zaf,mar,sarek,27243.23,18265,0.00,0.00,0.00,0.00,0.40,2778.42,0.53,2778.42,6.67,0.00
zaf,apr,chipseq,14990.56,13324,0.80,1412.47,0.80,1412.47,3.77,0.00,6.10,0.00,7.50,1412.47
zaf,apr,mag,21341.52,45476,-0.03,583.50,1.50,8935.29,1.97,2199.63,4.77,3574.76,6.10,583.50
zaf,apr,montage,590.31,1900,0.00,0.00,0.00,0.00,2.73,0.00,4.97,0.00,4.97,0.00
zaf,apr,nanoseq,228.55,20032,0.33,3124.04,0.33,3124.04,3.10,0.00,5.80,0.00,6.70,3124.04
zaf,apr,rangeland,7229.91,24799,0.20,734.15,0.20,734.15,2.63,327.33,5.57,0.00,6.60,734.15
zaf,apr,rnaseq,9482.85,11011,0.90,2693.34,0.93,2693.34,3.80,0.00,6.20,0.00,7.53,2693.34
zaf,apr,sarek,27293.12,18265,0.33,6098.54,0.33,6098.54,3.10,0.00,5.83,0.00,6.90,6098.54
zaf,may,chipseq,14966.47,13324,0.00,0.00,0.00,0.00,3.10,0.00,4.00,0.00,4.43,0.00
zaf,may,mag,21942.87,45476,0.27,669.52,1.60,4005.52,4.47,3574.76,4.47,2412.99,5.80,669.52
zaf,may,montage,603.24,1900,3.37,0.00,3.37,0.00,3.37,0.00,3.37,0.00,3.50,0.00
zaf,may,nanoseq,229.28,20032,0.00,0.00,0.00,0.00,3.73,0.00,3.73,2616.28,4.33,0.00
zaf,may,rangeland,7292.14,24799,0.00,0.00,0.00,0.00,3.50,0.33,3.63,272.81,4.63,0.00
zaf,may,rnaseq,9475.65,11011,0.13,0.00,0.13,0.00,2.80,0.00,4.07,0.00,4.63,0.00
zaf,may,sarek,27358.52,18265,0.00,0.00,0.00,0.00,3.77,0.00,3.77,2569.77,4.37,0.00
zaf,jun,chipseq,14860.42,13324,0.00,0.00,0.20,1412.47,5.50,0.00,5.97,0.00,5.97,0.00
zaf,jun,mag,21550.61,45476,1.27,4640.99,2.00,3875.52,5.10,3586.76,5.10,3837.52,5.10,4640.99
zaf,jun,montage,581.99,1900,2.33,0.00,2.33,0.00,2.33,0.00,2.33,0.00,2.33,0.00
zaf,jun,nanoseq,227.90,20032,0.07,2616.28,0.43,1042.14,5.70,0.00,5.70,0.00,5.70,2616.28
zaf,jun,rangeland,7277.65,24799,0.60,327.33,1.33,221.33,5.63,0.00,6.00,327.33,6.00,327.33
zaf,jun,rnaseq,9406.71,11011,0.10,0.00,0.30,2693.34,5.30,0.00,6.10,0.00,6.10,0.00
zaf,jun,sarek,27187.23,18265,0.00,2569.77,0.37,2778.42,5.70,0.00,5.70,0.00,5.70,2569.77
zaf,jul,chipseq,14745.04,13324,0.50,0.00,0.50,0.00,0.50,0.00,0.50,0.00,0.50,0.00
zaf,jul,mag,21863.76,45476,0.40,1534.99,1.33,951.50,3.37,3457.50,3.37,3729.99,3.37,1534.99
zaf,jul,montage,613.73,1900,1.80,0.00,1.80,0.00,1.80,0.00,1.80,0.00,1.80,0.00
zaf,jul,nanoseq,225.08,20032,0.00,0.00,0.00,0.00,0.07,686.13,0.07,686.13,0.07,0.00
zaf,jul,rangeland,7176.92,24799,0.00,0.00,0.00,0.00,0.67,323.05,0.67,323.05,0.67,0.00
zaf,jul,rnaseq,9345.68,11011,0.73,0.00,0.73,0.00,0.73,0.00,0.73,0.00,0.73,0.00
zaf,jul,sarek,26859.41,18265,0.00,0.00,0.00,0.00,0.03,3528.77,0.03,3528.77,0.03,0.00
zaf,aug,chipseq,15545.96,13324,0.20,0.00,0.20,0.00,10.50,0.00,11.60,0.00,11.60,0.00
zaf,aug,mag,22481.31,45476,0.43,3887.52,3.03,6085.99,8.93,368.76,10.27,3586.76,10.27,3887.52
zaf,aug,montage,583.39,1900,4.50,0.00,4.50,0.00,4.50,0.00,4.50,0.00,4.50,0.00
zaf,aug,nanoseq,237.77,20032,0.00,0.00,0.00,0.00,11.03,0.00,11.07,2616.28,11.07,0.00
zaf,aug,rangeland,7532.42,24799,-0.07,327.33,-0.07,327.33,10.20,0.00,10.43,272.81,10.43,327.33
zaf,aug,rnaseq,9838.60,11011,0.30,0.00,0.30,0.00,10.00,0.00,11.70,0.00,11.70,0.00
zaf,aug,sarek,28379.66,18265,0.00,0.00,0.00,0.00,11.07,0.00,11.10,2569.77,11.10,0.00
zaf,sep,chipseq,14467.55,13324,0.00,0.00,0.00,0.00,0.00,0.00,3.23,0.00,4.80,0.00
zaf,sep,mag,21169.89,45476,0.37,669.52,0.53,669.52,0.67,1172.49,4.67,3574.76,4.67,669.52
zaf,sep,montage,614.92,1900,0.67,0.00,0.67,0.00,5.27,0.00,9.20,0.00,9.20,0.00
zaf,sep,nanoseq,222.05,20032,0.00,0.00,0.00,0.00,0.00,0.00,4.37,0.00,4.37,0.00
zaf,sep,rangeland,7063.73,24799,0.20,327.33,0.20,327.33,0.20,327.33,4.20,0.00,4.20,327.33
zaf,sep,rnaseq,9151.34,11011,0.07,0.00,0.07,0.00,0.07,0.00,2.83,0.00,4.80,0.00
zaf,sep,sarek,26503.72,18265,0.00,0.00,0.00,0.00,0.00,0.00,4.37,0.00,4.53,0.00
zaf,oct,chipseq,13944.69,13324,0.00,0.00,0.00,0.00,1.80,0.00,1.80,0.00,2.20,0.00
zaf,oct,mag,20575.61,45476,0.00,583.50,1.00,300.76,3.23,3457.50,3.23,3457.50,4.10,583.50
zaf,oct,montage,569.76,1900,3.13,0.00,3.13,0.00,3.13,0.00,3.13,0.00,3.13,0.00
zaf,oct,nanoseq,214.19,20032,0.00,0.00,0.00,0.00,1.40,973.06,1.40,973.06,2.23,0.00
zaf,oct,rangeland,6824.41,24799,0.00,0.00,0.00,0.00,2.00,642.67,2.00,642.67,2.60,0.00
zaf,oct,rnaseq,8802.52,11011,0.00,1412.06,0.00,1412.06,1.53,0.00,1.53,0.00,2.10,1412.06
zaf,oct,sarek,25543.37,18265,0.00,0.00,0.00,0.00,1.60,1277.41,1.60,1277.41,2.10,0.00
zaf,nov,chipseq,14672.90,13324,0.00,0.00,0.00,0.00,0.63,792.14,3.90,0.00,3.90,0.00
zaf,nov,mag,21551.64,45476,0.00,0.00,0.87,4005.52,3.60,3574.76,5.23,3574.76,5.23,0.00
zaf,nov,montage,606.82,1900,3.90,0.00,3.90,0.00,5.60,0.00,5.60,0.00,5.60,0.00
zaf,nov,nanoseq,225.69,20032,0.00,0.00,0.00,0.00,1.90,973.06,3.97,0.00,3.97,0.00
zaf,nov,rangeland,7175.68,24799,0.00,0.00,0.00,0.00,2.60,421.33,4.13,220.81,4.13,0.00
zaf,nov,rnaseq,9261.98,11011,0.00,0.00,0.00,0.00,0.33,1624.34,3.73,0.00,3.73,0.00
zaf,nov,sarek,26913.72,18265,0.00,0.00,0.00,0.00,1.80,1277.41,3.93,0.00,3.93,0.00
zaf,dec,chipseq,14875.97,13324,0.47,792.14,0.47,792.14,0.80,792.14,4.27,792.14,10.17,792.14
zaf,dec,mag,21714.53,45476,0.00,0.00,1.63,1183.50,4.07,4441.52,6.07,3445.50,10.57,0.00
zaf,dec,montage,611.16,1900,5.20,0.00,5.20,0.00,5.20,0.00,6.10,0.00,11.00,0.00
zaf,dec,nanoseq,227.16,20032,0.17,0.00,0.17,0.00,1.47,973.06,4.50,973.06,9.77,0.00
zaf,dec,rangeland,7190.06,24799,0.00,0.00,0.00,0.00,2.23,220.81,4.53,421.33,9.50,0.00
zaf,dec,rnaseq,9431.48,11011,0.83,1624.34,0.83,1624.34,1.00,1624.34,4.40,1624.34,10.40,1624.34
zaf,dec,sarek,27131.73,18265,0.10,0.00,0.10,0.00,1.47,1277.41,4.50,1277.41,9.80,0.00
tyo,jan,chipseq,11527.22,13324,0.30,0.00,5.23,0.00,31.60,0.00,31.60,1412.47,33.07,0.00
tyo,jan,mag,16413.12,45476,11.97,3586.76,14.67,5036.75,14.67,1255.99,24.47,3586.76,29.13,3586.76
tyo,jan,montage,437.46,1900,0.50,0.00,0.50,0.00,34.00,0.00,34.00,0.00,34.00,0.00
tyo,jan,nanoseq,176.29,20032,0.20,0.00,14.03,0.00,28.87,0.00,30.60,686.13,32.17,0.00
tyo,jan,rangeland,5567.55,24799,0.10,0.33,18.53,0.33,23.70,0.00,28.63,249.81,31.30,0.33
tyo,jan,rnaseq,7287.45,11011,0.30,0.00,2.83,0.00,31.63,0.00,32.30,2693.34,33.17,0.00
tyo,jan,sarek,21046.74,18265,0.23,0.00,13.70,0.00,28.87,0.00,30.53,3528.77,32.47,0.00
tyo,feb,chipseq,11506.85,13324,0.40,0.00,9.83,0.00,42.50,0.00,45.07,792.14,46.27,0.00
tyo,feb,mag,16364.17,45476,16.83,3586.76,21.50,1842.88,21.50,1255.99,38.70,3586.76,42.93,3586.76
tyo,feb,montage,469.16,1900,0.30,0.00,0.47,0.00,45.23,0.00,47.87,0.00,47.87,0.00
tyo,feb,nanoseq,175.98,20032,0.40,0.00,21.13,0.00,40.10,0.00,44.40,1042.14,45.73,0.00
tyo,feb,rangeland,5558.65,24799,0.30,0.33,26.23,0.33,35.10,0.00,43.20,221.33,44.97,0.33
tyo,feb,rnaseq,7274.79,11011,0.40,0.00,6.07,0.00,42.43,0.00,44.97,1624.34,46.27,0.00
tyo,feb,sarek,21010.87,18265,0.43,0.00,20.67,0.00,40.40,0.00,44.83,2778.42,45.67,0.00
tyo,mar,chipseq,11615.38,13324,0.10,1412.47,2.43,0.00,7.70,0.00,43.10,0.00,51.03,1412.47
tyo,mar,mag,16610.02,45476,3.53,5360.52,4.00,3276.50,4.00,1255.99,27.33,3276.50,46.83,5360.52
tyo,mar,montage,477.08,1900,1.27,0.00,3.17,0.00,45.57,0.00,48.17,0.00,63.40,0.00
tyo,mar,nanoseq,177.78,20032,0.00,686.13,4.47,0.00,6.83,0.00,41.27,0.00,49.20,686.13
tyo,mar,rangeland,5621.83,24799,0.10,598.67,5.23,0.33,5.80,0.00,37.23,0.00,48.50,598.67
tyo,mar,rnaseq,7346.22,11011,0.10,2693.34,1.80,0.00,8.00,0.00,43.10,0.00,51.03,2693.34
tyo,mar,sarek,21224.76,18265,0.00,3528.77,4.40,0.00,7.07,0.00,41.47,0.00,49.83,3528.77
tyo,apr,chipseq,11651.77,13324,0.30,0.00,1.93,0.00,8.37,0.00,54.60,0.00,54.60,0.00
tyo,apr,mag,16587.56,45476,2.03,26.88,4.60,0.00,4.60,583.50,35.33,1842.88,44.37,26.88
tyo,apr,montage,468.48,1900,0.00,0.00,0.00,0.00,56.73,0.00,56.73,0.00,63.37,0.00
tyo,apr,nanoseq,178.26,20032,0.30,0.00,2.97,0.00,7.40,0.00,52.50,0.00,52.57,0.00
tyo,apr,rangeland,5630.69,24799,0.30,0.33,3.33,0.00,6.50,0.00,47.63,0.00,49.53,0.33
tyo,apr,rnaseq,7359.95,11011,0.30,0.00,1.50,0.00,8.80,0.00,54.53,0.00,54.53,0.00
tyo,apr,sarek,21277.98,18265,0.20,0.00,2.87,0.00,7.47,0.00,52.97,0.00,52.97,0.00
tyo,may,chipseq,11518.91,13324,0.40,792.14,8.30,0.00,36.50,0.00,37.10,792.14,37.10,792.14
tyo,may,mag,16416.35,45476,13.33,5056.52,21.00,0.00,21.00,583.50,32.40,3457.50,34.80,5056.52
tyo,may,montage,463.05,1900,0.00,0.00,0.47,0.00,35.20,0.00,35.20,0.00,36.03,0.00
tyo,may,nanoseq,176.95,20032,0.73,3589.34,16.83,0.00,34.63,0.00,36.47,1042.14,36.77,3589.34
tyo,may,rangeland,5590.06,24799,1.10,576.67,21.40,0.00,30.43,0.00,35.37,249.81,36.40,576.67
tyo,may,rnaseq,7260.69,11011,0.20,1624.34,5.53,0.00,36.40,0.00,37.20,1624.34,37.20,1624.34
tyo,may,sarek,21123.35,18265,0.63,3831.54,16.30,0.00,35.03,0.00,36.50,2778.42,36.73,3831.54
tyo,jun,chipseq,11574.03,13324,0.23,792.14,8.20,0.00,34.57,0.00,35.60,792.14,35.63,792.14
tyo,jun,mag,16516.16,45476,12.83,4441.52,18.77,0.00,18.77,0.00,31.50,3586.76,34.37,4441.52
tyo,jun,montage,464.19,1900,0.00,0.00,0.00,0.00,34.73,0.00,34.73,0.00,34.73,0.00
tyo,jun,nanoseq,177.62,20032,0.37,1591.29,16.30,0.00,32.67,0.00,35.07,1042.14,35.80,1591.29
tyo,jun,rangeland,5608.41,24799,0.70,692.67,20.43,0.00,28.50,0.00,34.00,221.33,35.47,692.67
tyo,jun,rnaseq,7293.79,11011,0.17,1624.34,5.37,0.00,34.50,0.00,35.33,1624.34,35.43,1624.34
tyo,jun,sarek,21199.51,18265,0.30,4790.54,15.73,0.00,33.03,0.00,35.07,2778.42,35.73,4790.54
tyo,jul,chipseq,11501.78,13324,0.30,0.00,5.47,0.00,29.60,0.00,30.80,792.14,31.00,0.00
tyo,jul,mag,16369.80,45476,10.37,26.88,15.17,0.00,15.17,583.50,26.70,3457.50,29.63,26.88
tyo,jul,montage,464.11,1900,0.00,0.00,0.00,0.00,30.23,0.00,30.27,0.00,33.47,0.00
tyo,jul,nanoseq,176.24,20032,0.50,0.00,12.57,0.00,27.77,0.00,30.17,1042.14,31.10,0.00
tyo,jul,rangeland,5564.85,24799,0.60,0.33,16.53,0.00,24.03,0.00,29.17,221.33,30.90,0.33
tyo,jul,rnaseq,7258.89,11011,0.20,0.00,3.30,0.00,29.60,0.00,30.67,1624.34,30.90,0.00
tyo,jul,sarek,21037.14,18265,0.50,0.00,12.17,0.00,28.13,0.00,30.23,2778.42,31.03,0.00
tyo,aug,chipseq,11484.86,13324,0.53,0.00,10.20,0.00,30.07,0.00,30.07,0.00,31.63,0.00
tyo,aug,mag,16347.17,45476,12.53,26.88,18.43,26.88,18.43,26.88,25.80,3586.76,29.20,26.88
tyo,aug,montage,458.58,1900,0.00,0.00,0.00,0.00,25.50,0.00,31.00,0.00,33.40,0.00
tyo,aug,nanoseq,176.13,20032,0.70,0.00,17.27,0.00,28.97,0.00,29.33,2616.28,31.27,0.00
tyo,aug,rangeland,5557.19,24799,0.90,0.33,19.93,0.33,26.17,0.00,28.10,335.81,30.63,0.33
tyo,aug,rnaseq,7229.76,11011,0.40,0.00,7.23,0.00,30.10,0.00,30.10,0.00,31.33,0.00
tyo,aug,sarek,21005.26,18265,0.70,0.00,16.83,0.00,29.20,0.00,29.20,3010.41,31.40,0.00
tyo,sep,chipseq,11653.38,13324,0.90,0.00,8.93,0.00,25.90,0.00,27.13,0.00,27.13,0.00
tyo,sep,mag,16489.96,45476,10.53,26.88,15.80,26.88,15.80,583.50,24.30,3586.76,25.40,26.88
tyo,sep,montage,471.02,1900,0.00,0.00,0.50,0.00,27.43,0.00,27.43,0.00,27.43,0.00
tyo,sep,nanoseq,177.95,20032,0.90,0.00,14.67,0.00,24.27,0.00,26.63,1042.14,27.00,0.00
tyo,sep,rangeland,5616.15,24799,0.80,0.33,16.70,0.00,22.80,0.00,25.93,421.33,26.60,0.33
tyo,sep,rnaseq,7363.73,11011,0.80,0.00,6.37,0.00,26.00,0.00,27.10,0.00,27.10,0.00
tyo,sep,sarek,21237.35,18265,0.87,0.00,14.30,0.00,24.60,0.00,26.73,2778.42,27.13,0.00
tyo,oct,chipseq,11544.39,13324,0.80,0.00,10.73,0.00,41.90,0.00,41.90,0.00,41.90,0.00
tyo,oct,mag,16368.34,45476,17.60,0.00,22.57,1842.88,22.57,368.76,26.47,2628.50,32.07,0.00
tyo,oct,montage,472.41,1900,1.27,0.00,1.97,0.00,18.97,0.00,32.77,0.00,37.20,0.00
tyo,oct,nanoseq,176.33,20032,0.70,0.00,22.73,0.00,39.90,0.00,39.90,0.00,39.90,0.00
tyo,oct,rangeland,5570.45,24799,0.60,0.00,26.80,0.33,35.43,0.00,35.43,327.33,37.23,0.00
tyo,oct,rnaseq,7302.40,11011,0.80,0.00,6.50,0.00,41.97,0.00,41.97,0.00,41.97,0.00
tyo,oct,sarek,21051.07,18265,0.70,0.00,22.57,0.00,39.93,0.00,39.93,0.00,39.93,0.00
tyo,nov,chipseq,11573.43,13324,0.10,792.14,14.97,0.00,36.83,0.00,44.37,0.00,44.37,792.14
tyo,nov,mag,16517.54,45476,17.30,3457.50,19.10,1869.75,19.10,1183.50,37.60,3457.50,37.60,3457.50
tyo,nov,montage,473.05,1900,1.50,0.00,1.60,0.00,47.60,0.00,47.60,0.00,47.60,0.00
tyo,nov,nanoseq,177.04,20032,0.00,0.00,24.60,0.00,35.00,0.00,43.23,973.06,43.23,0.00
tyo,nov,rangeland,5596.23,24799,0.10,327.33,26.73,0.00,30.93,0.00,41.43,421.33,41.43,327.33
tyo,nov,rnaseq,7317.46,11011,0.10,1624.34,10.50,0.00,36.73,0.00,44.17,0.00,44.17,1624.34
tyo,nov,sarek,21137.69,18265,0.03,1567.41,24.27,0.00,35.47,0.00,44.00,1277.41,44.00,1567.41
tyo,dec,chipseq,11594.01,13324,0.60,0.00,8.00,0.00,35.00,0.00,35.20,1412.47,35.20,0.00
tyo,dec,mag,16494.16,45476,14.07,3586.76,17.37,2959.76,17.37,2975.52,27.33,3586.76,29.60,3586.76
tyo,dec,montage,474.68,1900,0.50,0.00,0.80,0.00,32.20,0.00,32.20,0.00,40.10,0.00
tyo,dec,nanoseq,177.28,20032,0.40,0.00,17.57,0.00,31.90,0.00,33.47,686.13,33.73,0.00
tyo,dec,rangeland,5599.29,24799,0.30,0.00,21.73,0.33,26.17,0.00,31.10,249.81,32.57,0.00
tyo,dec,rnaseq,7330.66,11011,0.60,0.00,4.97,0.00,35.03,0.00,35.03,2693.34,35.03,0.00
tyo,dec,sarek,21168.69,18265,0.40,0.00,17.27,0.00,32.50,0.00,33.37,3528.77,33.60,0.00
nsw,jan,chipseq,14347.58,13324,0.00,0.00,30.80,0.00,45.23,0.00,51.57,0.00,52.73,0.00
nsw,jan,mag,21006.59,45476,25.00,3574.76,32.07,0.00,32.07,329.88,46.50,3445.50,52.70,3574.76
nsw,jan,montage,541.20,1900,0.00,0.00,19.00,0.00,46.90,0.00,52.20,0.00,53.20,0.00
nsw,jan,nanoseq,223.07,20032,0.80,2616.28,38.57,0.00,43.77,0.00,50.87,0.00,53.33,2616.28
nsw,jan,rangeland,7123.81,24799,6.03,335.81,38.90,0.00,41.50,0.00,50.40,421.33,53.60,335.81
nsw,jan,rnaseq,9035.30,11011,0.00,0.00,27.37,0.00,45.50,0.00,51.70,0.00,52.57,0.00
nsw,jan,sarek,26597.90,18265,0.03,2569.77,38.33,0.00,43.20,0.00,51.17,0.00,53.47,2569.77
nsw,feb,chipseq,14508.89,13324,0.67,2165.28,48.13,0.00,56.70,0.00,56.70,0.00,56.70,2165.28
nsw,feb,mag,20528.09,45476,30.43,5036.75,37.70,0.00,37.70,583.50,47.07,3586.76,47.07,5036.75
nsw,feb,montage,565.44,1900,0.00,0.00,27.33,0.00,55.50,0.00,55.50,0.00,55.50,0.00
nsw,feb,nanoseq,228.03,20032,3.43,1947.30,53.80,0.00,55.93,0.00,55.93,0.00,55.93,1947.30
nsw,feb,rangeland,7192.43,24799,9.67,642.67,51.30,0.00,51.30,0.00,52.93,272.81,52.93,642.67
nsw,feb,rnaseq,9045.93,11011,0.10,4317.67,43.63,0.00,56.23,0.00,56.23,0.00,56.23,4317.67
nsw,feb,sarek,27237.87,18265,3.07,4049.83,53.53,0.00,56.30,0.00,56.30,0.00,56.30,4049.83
nsw,mar,chipseq,15090.03,13324,1.97,792.14,47.93,0.00,59.63,0.00,59.63,0.00,60.30,792.14
nsw,mar,mag,21094.27,45476,32.50,1842.88,38.63,0.00,38.63,583.50,50.47,3586.76,56.90,1842.88
nsw,mar,montage,555.45,1900,0.00,0.00,4.90,0.00,44.23,0.00,52.73,0.00,55.13,0.00
nsw,mar,nanoseq,237.97,20032,6.50,973.06,55.47,0.00,59.17,0.00,59.17,0.00,60.63,973.06
nsw,mar,rangeland,7541.16,24799,11.97,421.33,54.40,0.00,55.80,0.00,56.30,272.81,60.20,421.33
nsw,mar,rnaseq,9410.07,11011,0.70,1624.34,43.00,0.00,59.00,0.00,59.00,0.00,60.07,1624.34
nsw,mar,sarek,28419.79,18265,6.43,1277.41,55.13,0.00,59.37,0.00,59.37,0.00,60.63,1277.41
nsw,apr,chipseq,14471.98,13324,0.33,1412.47,16.70,0.00,51.53,0.00,57.93,0.00,61.83,1412.47
nsw,apr,mag,21424.17,45476,25.03,6311.52,33.73,26.88,33.73,583.50,54.17,3457.50,61.20,6311.52
nsw,apr,montage,567.11,1900,0.00,0.00,0.00,0.00,56.77,0.00,59.03,0.00,61.63,0.00
nsw,apr,nanoseq,227.78,20032,1.77,3581.81,33.10,0.00,51.40,0.00,58.07,0.00,62.10,3581.81
nsw,apr,rangeland,7247.61,24799,1.90,221.33,37.23,0.33,48.50,0.00,57.30,421.33,62.10,221.33
nsw,apr,rnaseq,9066.34,11011,0.00,2693.34,9.87,0.00,51.20,0.00,57.80,0.00,61.50,2693.34
nsw,apr,sarek,27169.18,18265,1.73,5153.83,32.93,0.00,51.30,0.00,58.17,0.00,62.33,5153.83
nsw,may,chipseq,14803.02,13324,0.00,0.00,10.57,792.14,51.57,0.00,51.93,792.14,52.03,0.00
nsw,may,mag,22664.95,45476,23.77,3457.50,31.07,1842.88,31.07,1842.88,50.27,3586.76,52.47,3457.50
nsw,may,montage,585.15,1900,0.00,0.00,0.00,0.00,49.87,0.00,49.87,0.00,51.80,0.00
nsw,may,nanoseq,232.86,20032,0.00,0.00,26.97,973.06,49.97,0.00,52.97,1042.14,53.20,0.00
nsw,may,rangeland,7477.20,24799,0.57,327.33,34.13,421.33,46.60,0.00,52.70,323.05,53.53,327.33
nsw,may,rnaseq,9259.87,11011,0.00,0.00,5.07,1624.34,51.60,0.00,51.73,1624.34,51.80,0.00
nsw,may,sarek,27733.87,18265,0.00,0.00,26.57,1277.41,50.37,0.00,52.83,2778.42,52.90,0.00
nsw,jun,chipseq,14270.87,13324,0.10,1412.47,8.43,0.00,32.00,0.00,52.23,0.00,52.23,1412.47
nsw,jun,mag,20982.93,45476,14.80,3276.50,21.53,26.88,24.53,4640.99,42.00,3574.76,42.00,3276.50
nsw,jun,montage,476.40,1900,0.00,0.00,1.03,0.00,42.67,0.00,42.67,0.00,42.67,0.00
nsw,jun,nanoseq,224.03,20032,1.50,1042.14,18.40,0.00,31.93,0.00,51.73,0.00,51.73,1042.14
nsw,jun,rangeland,7131.74,24799,2.80,221.33,22.70,0.33,29.60,327.33,48.43,0.33,48.43,221.33
nsw,jun,rnaseq,8922.51,11011,0.00,2693.34,5.13,0.00,31.63,0.00,51.67,0.00,51.67,2693.34
nsw,jun,sarek,26701.33,18265,1.37,2778.42,17.90,0.00,31.97,0.00,51.87,0.00,51.87,2778.42
nsw,jul,chipseq,13686.88,13324,0.00,0.00,0.53,1412.47,17.53,0.00,34.10,0.00,36.30,0.00
nsw,jul,mag,21592.10,45476,9.63,6902.99,14.57,3580.99,14.97,3580.99,30.47,3457.50,36.63,6902.99
nsw,jul,montage,561.39,1900,-0.20,0.00,-0.20,0.00,37.90,0.00,37.90,0.00,38.93,0.00
nsw,jul,nanoseq,217.77,20032,0.10,2616.28,6.43,1042.14,18.63,0.00,34.43,0.00,36.73,2616.28
nsw,jul,rangeland,7075.00,24799,0.90,608.63,12.53,221.33,17.40,0.33,32.90,421.33,36.87,608.63
nsw,jul,rnaseq,8562.39,11011,0.00,0.00,0.00,2693.34,16.60,0.00,33.23,0.00,35.60,0.00
nsw,jul,sarek,25893.09,18265,0.00,2569.77,5.57,2778.42,19.03,0.00,34.77,0.00,36.70,2569.77
nsw,aug,chipseq,12915.21,13324,0.00,0.00,4.90,792.14,25.00,0.00,25.00,0.00,39.73,0.00
nsw,aug,mag,19246.42,45476,12.33,6546.52,16.10,2057.75,16.10,2057.75,17.90,1183.50,35.17,6546.52
nsw,aug,montage,528.82,1900,-0.50,0.00,-0.50,0.00,9.77,0.00,29.23,0.00,64.47,0.00
nsw,aug,nanoseq,202.08,20032,0.70,686.13,13.60,973.06,25.20,0.00,25.20,0.00,38.93,686.13
nsw,aug,rangeland,6402.57,24799,0.70,323.05,17.20,421.33,22.40,0.00,22.40,327.33,36.27,323.05
nsw,aug,rnaseq,8085.54,11011,0.03,1412.06,2.57,1624.34,24.53,0.00,24.53,0.00,39.03,1412.06
nsw,aug,sarek,24100.95,18265,0.70,3528.77,13.73,1277.41,25.17,0.00,25.17,0.00,39.07,3528.77
nsw,sep,chipseq,13412.81,13324,0.00,0.00,24.30,0.00,64.70,0.00,66.83,0.00,66.83,0.00
nsw,sep,mag,20908.37,45476,32.80,8947.29,46.40,3276.50,46.40,3276.50,65.07,3586.76,65.97,8947.29
nsw,sep,montage,572.41,1900,0.00,0.00,0.00,0.00,70.17,0.00,70.17,0.00,70.90,0.00
nsw,sep,nanoseq,213.42,20032,0.20,3124.04,43.20,0.00,64.33,0.00,67.87,973.06,67.87,3124.04
nsw,sep,rangeland,6813.08,24799,0.20,598.67,47.93,0.33,60.93,0.00,67.37,221.33,67.37,598.67
nsw,sep,rnaseq,8354.41,11011,0.00,0.00,15.83,0.00,64.23,0.00,66.27,0.00,66.27,0.00
nsw,sep,sarek,25461.57,18265,0.20,6098.54,42.90,0.00,64.20,0.00,68.20,1277.41,68.20,6098.54
nsw,oct,chipseq,12886.26,13324,0.50,792.14,23.57,0.00,35.83,0.00,35.83,0.00,60.83,792.14
nsw,oct,mag,18590.07,45476,19.40,8016.29,27.23,0.00,27.23,0.00,31.60,3211.99,49.47,8016.29
nsw,oct,montage,463.65,1900,0.00,0.00,0.00,0.00,21.87,0.00,57.60,0.00,57.60,0.00
nsw,oct,nanoseq,199.91,20032,0.83,4097.10,30.43,0.00,36.23,0.00,36.23,0.00,59.50,4097.10
nsw,oct,rangeland,6313.05,24799,4.23,848.00,31.13,0.00,34.63,0.00,34.70,272.81,55.53,848.00
nsw,oct,rnaseq,8019.55,11011,0.40,1624.34,19.00,0.00,35.20,1412.06,35.20,1412.06,60.13,1624.34
nsw,oct,sarek,23735.10,18265,0.30,7360.31,30.00,0.00,36.10,0.00,36.10,0.00,59.53,7360.31
nsw,nov,chipseq,14205.28,13324,0.00,0.00,38.77,0.00,45.60,0.00,56.93,0.00,58.33,0.00
nsw,nov,mag,19997.36,45476,25.30,2959.76,34.17,0.00,34.17,583.50,49.53,3457.50,52.47,2959.76
nsw,nov,montage,467.96,1900,0.00,0.00,6.00,0.00,50.63,0.00,50.63,0.00,52.80,0.00
nsw,nov,nanoseq,221.02,20032,2.67,686.13,43.17,0.00,45.80,0.00,56.40,0.00,58.10,686.13
nsw,nov,rangeland,7049.43,24799,10.23,323.05,43.40,0.00,44.37,0.00,54.27,0.33,57.33,323.05
nsw,nov,rnaseq,8906.11,11011,0.00,0.00,35.67,0.00,45.17,0.00,56.40,0.00,57.90,0.00
nsw,nov,sarek,26337.45,18265,1.27,3528.77,42.83,0.00,45.97,0.00,56.93,0.00,58.17,3528.77
nsw,dec,chipseq,14564.34,13324,0.00,0.00,42.50,0.00,62.27,0.00,64.13,0.00,67.83,0.00
nsw,dec,mag,21431.09,45476,33.37,2959.76,45.43,0.00,45.43,368.76,61.57,3457.50,65.93,2959.76
nsw,dec,montage,539.56,1900,0.70,0.00,30.13,0.00,60.40,0.00,65.63,0.00,65.63,0.00
nsw,dec,nanoseq,230.02,20032,2.53,686.13,50.53,0.00,60.80,0.00,64.57,973.06,68.03,686.13
nsw,dec,rangeland,7424.31,24799,11.57,323.05,54.17,0.00,57.47,0.00,64.77,421.33,67.73,323.05
nsw,dec,rnaseq,9092.04,11011,0.00,0.00,38.43,0.00,61.73,0.00,63.87,0.00,67.43,0.00
nsw,dec,sarek,27325.82,18265,0.70,3528.77,49.33,0.00,61.20,0.00,64.63,1277.41,67.97,3528.77
